{
"move_a_to_b": [1.232142448425293, -1.232219324713089, 1.501033131276266, -1.7906872234740199, -1.559796158467428, 0.02270333841443062],
"move_b_to_c": [1.2458299398422241, -1.055876449947693, 1.6034110228167933, -2.0594355068602503, -1.5721128622638147, 1.2235298156738281],
"gripper1": [255,125,125],
"move_c_to_d": [1.232142448425293, -1.232219324713089, 1.501033131276266, -1.7906872234740199, -1.559796158467428, 0.02270333841443062],
"move_d_to_e": [1.1412103176116943, -1.165625886326172, 1.5836222807513636, -1.983065744439596, -1.5341156164752405, 1.1333869695663452],
"move_e_to_f": [1.1481959819793701, -1.0524450105479737, 1.6058357397662562, -2.1035672626891078, -1.5133102575885218, 1.1738598346710205],
"gripper2":[0,125,125],
"move_f_to_a": [1.232142448425293, -1.232219324713089, 1.501033131276266, -1.7906872234740199, -1.559796158467428, 0.02270333841443062]
}